data1,economy
data2,economy
data3,economy
data4,economy
data5,economy
data6,economy
data7,economy
data8,economy
data9,economy
data10,economy
data11,soccer
data12,soccer
data13,soccer
data14,soccer
data15,soccer
data16,soccer
data17,soccer
data18,soccer
data19,soccer
data20,soccer
data21,automotive
data22,automotive
data23,automotive
data24,automotive
data25,automotive
data26,automotive
data27,automotive
data28,automotive
data29,automotive
data30,automotive
data31,phone
data32,phone
data33,phone
data34,phone
data35,phone
data36,phone
data37,phone
data38,phone
data39,phone
data40,phone
data41,tourism
data42,tourism
data43,tourism
data44,tourism
data45,tourism
data46,tourism
data47,tourism
data48,tourism
data49,tourism
data50,tourism
